MM:DD:YYYY hh:mm:ss, Device_Number, Battery_Voltage, Motor_Turns, Session_Type, Event, Active_Poke, Left_Poke_Count, Right_Poke_Count, Pellet_Count, Retrieval_Time
12/18/2019 17:37:08,0,4.14,0,1,Poke,Left,1,0,0,nan
12/18/2019 17:40:06,0,4.15,2,1,Pellet,Left,1,0,1,3
12/18/2019 17:40:09,0,4.14,0,1,Poke,Left,2,0,1,nan
12/18/2019 17:48:52,0,4.14,2,1,Pellet,Left,2,0,2,1
12/18/2019 17:56:40,0,4.14,0,1,Poke,Left,3,0,2,nan
12/18/2019 17:57:42,0,4.14,2,1,Pellet,Left,3,0,3,54
12/18/2019 18:02:15,0,4.14,0,1,Poke,Left,3,1,3,nan
12/18/2019 18:02:17,0,4.14,0,1,Poke,Left,3,2,3,nan
12/18/2019 18:02:18,0,4.14,0,1,Poke,Left,3,3,3,nan
12/18/2019 18:04:11,0,4.14,0,1,Poke,Left,3,4,3,nan
12/18/2019 18:04:14,0,4.14,0,1,Poke,Left,3,5,3,nan
12/18/2019 18:04:16,0,4.14,0,1,Poke,Left,3,6,3,nan
12/18/2019 18:04:18,0,4.14,0,1,Poke,Left,3,7,3,nan
12/18/2019 18:04:22,0,4.14,0,1,Poke,Left,3,8,3,nan
12/18/2019 18:04:29,0,4.14,0,1,Poke,Left,3,9,3,nan
12/18/2019 18:04:30,0,4.14,0,1,Poke,Left,3,10,3,nan
12/18/2019 18:04:49,0,4.14,0,1,Poke,Left,3,11,3,nan
12/18/2019 18:04:56,0,4.14,0,1,Poke,Left,3,12,3,nan
12/18/2019 18:07:03,0,4.14,0,1,Poke,Left,3,13,3,nan
12/18/2019 18:12:31,0,4.14,0,1,Poke,Left,4,13,3,nan
12/18/2019 18:12:53,0,4.23,2,1,Pellet,Left,4,13,4,18
12/18/2019 18:13:27,0,4.14,0,1,Poke,Left,4,14,4,nan
12/18/2019 18:14:05,0,4.14,0,1,Poke,Left,5,14,4,nan
12/18/2019 18:14:10,0,4.23,2,1,Pellet,Left,5,14,5,1
12/18/2019 18:14:32,0,4.14,0,1,Poke,Left,6,14,5,nan
12/18/2019 18:14:37,0,4.23,2,1,Pellet,Left,6,14,6,1
12/18/2019 18:15:27,0,4.14,0,1,Poke,Left,7,14,6,nan
12/18/2019 18:15:34,0,4.14,3,1,Pellet,Left,7,14,7,2
12/18/2019 18:16:27,0,4.14,0,1,Poke,Left,7,15,7,nan
12/18/2019 18:16:48,0,4.14,0,1,Poke,Left,7,16,7,nan
12/18/2019 18:21:56,0,4.14,0,1,Poke,Left,8,16,7,nan
12/18/2019 18:22:05,0,4.23,2,1,Pellet,Left,8,16,8,6
12/18/2019 18:24:05,0,4.14,0,1,Poke,Left,8,17,8,nan
12/18/2019 18:24:10,0,4.14,0,1,Poke,Left,9,17,8,nan
12/18/2019 18:24:44,0,4.14,2,1,Pellet,Left,9,17,9,13
12/18/2019 18:36:51,0,4.14,0,1,Poke,Left,10,17,9,nan
12/18/2019 18:36:57,0,4.22,2,1,Pellet,Left,10,17,10,2
12/18/2019 18:56:37,0,4.13,0,1,Poke,Left,10,18,10,nan
12/18/2019 19:07:19,0,4.14,0,1,Poke,Left,11,18,10,nan
12/18/2019 19:07:24,0,4.22,2,1,Pellet,Left,11,18,11,1
12/18/2019 19:23:06,0,4.13,0,1,Poke,Left,11,19,11,nan
12/18/2019 19:41:01,0,4.12,0,1,Poke,Left,11,20,11,nan
12/18/2019 19:51:42,0,4.12,0,1,Poke,Left,12,20,11,nan
12/18/2019 19:51:49,0,4.20,2,1,Pellet,Left,12,20,12,3
12/18/2019 19:53:26,0,4.12,0,1,Poke,Left,12,21,12,nan
12/18/2019 20:17:05,0,4.11,0,1,Poke,Left,13,21,12,nan
12/18/2019 20:17:12,0,4.20,2,1,Pellet,Left,13,21,13,3
12/18/2019 20:25:29,0,4.12,0,1,Poke,Left,14,21,13,nan
12/18/2019 20:25:34,0,4.20,2,1,Pellet,Left,14,21,14,2
12/18/2019 20:26:47,0,4.12,0,1,Poke,Left,15,21,14,nan
12/18/2019 20:26:56,0,4.12,2,1,Pellet,Left,15,21,15,3
12/18/2019 20:27:37,0,4.12,0,1,Poke,Left,16,21,15,nan
12/18/2019 20:27:42,0,4.20,2,1,Pellet,Left,16,21,16,1
12/18/2019 20:43:31,0,4.12,0,1,Poke,Left,16,22,16,nan
12/18/2019 20:59:17,0,4.11,0,1,Poke,Left,16,23,16,nan
12/18/2019 20:59:19,0,4.11,0,1,Poke,Left,16,24,16,nan
12/18/2019 20:59:59,0,4.11,0,1,Poke,Left,17,24,16,nan
12/18/2019 21:00:17,0,4.20,2,1,Pellet,Left,17,24,17,14
12/18/2019 21:06:05,0,4.11,0,1,Poke,Left,18,24,17,nan
12/18/2019 21:06:19,0,4.20,4,1,Pellet,Left,18,24,18,8
12/18/2019 21:07:25,0,4.11,0,1,Poke,Left,18,25,18,nan
12/18/2019 21:25:50,0,4.11,0,1,Poke,Left,18,26,18,nan
12/18/2019 21:25:55,0,4.11,0,1,Poke,Left,18,27,18,nan
12/18/2019 21:26:40,0,4.11,0,1,Poke,Left,19,27,18,nan
12/18/2019 21:26:59,0,4.20,2,1,Pellet,Left,19,27,19,15
12/18/2019 21:27:13,0,4.11,0,1,Poke,Left,20,27,19,nan
12/18/2019 21:27:20,0,4.20,2,1,Pellet,Left,20,27,20,3
12/18/2019 21:27:54,0,4.12,0,1,Poke,Left,21,27,20,nan
12/18/2019 21:28:07,0,4.19,2,1,Pellet,Left,21,27,21,9
12/18/2019 21:28:27,0,4.11,0,1,Poke,Left,21,28,21,nan
12/18/2019 21:28:38,0,4.11,0,1,Poke,Left,22,28,21,nan
12/18/2019 21:28:44,0,4.20,2,1,Pellet,Left,22,28,22,2
12/18/2019 21:29:58,0,4.11,0,1,Poke,Left,23,28,22,nan
12/18/2019 21:30:12,0,4.19,4,1,Pellet,Left,23,28,23,8
12/18/2019 21:31:37,0,4.11,0,1,Poke,Left,23,29,23,nan
12/18/2019 21:38:48,0,4.11,0,1,Poke,Left,24,29,23,nan
12/18/2019 21:39:03,0,4.19,3,1,Pellet,Left,24,29,24,9
12/18/2019 21:40:27,0,4.11,0,1,Poke,Left,24,30,24,nan
12/18/2019 21:40:47,0,4.11,0,1,Poke,Left,25,30,24,nan
12/18/2019 21:41:02,0,4.18,2,1,Pellet,Left,25,30,25,12
12/18/2019 21:41:19,0,4.11,0,1,Poke,Left,26,30,25,nan
12/18/2019 21:41:24,0,4.20,2,1,Pellet,Left,26,30,26,1
12/18/2019 21:46:10,0,4.11,0,1,Poke,Left,27,30,26,nan
12/18/2019 21:46:47,0,4.18,2,1,Pellet,Left,27,30,27,33
12/18/2019 21:47:16,0,4.11,0,1,Poke,Left,27,31,27,nan
12/18/2019 22:36:11,0,4.10,0,1,Poke,Left,28,31,27,nan
12/18/2019 22:36:21,0,4.10,2,1,Pellet,Left,28,31,28,3
12/18/2019 22:38:03,0,4.10,0,1,Poke,Left,29,31,28,nan
12/18/2019 22:38:10,0,4.18,2,1,Pellet,Left,29,31,29,3
12/18/2019 22:42:37,0,4.11,0,1,Poke,Left,29,32,29,nan
12/18/2019 22:54:01,0,4.10,0,1,Poke,Left,29,33,29,nan
12/18/2019 22:54:11,0,4.10,0,1,Poke,Left,30,33,29,nan
12/18/2019 22:54:17,0,4.18,2,1,Pellet,Left,30,33,30,2
12/18/2019 22:58:33,0,4.10,0,1,Poke,Left,30,34,30,nan
12/18/2019 22:58:43,0,4.10,0,1,Poke,Left,31,34,30,nan
12/18/2019 22:58:50,0,4.18,2,1,Pellet,Left,31,34,31,4
12/18/2019 23:00:31,0,4.09,0,1,Poke,Left,32,34,31,nan
12/18/2019 23:01:02,0,4.18,2,1,Pellet,Left,32,34,32,27
12/18/2019 23:06:07,0,4.10,0,1,Poke,Left,33,34,32,nan
12/18/2019 23:06:20,0,4.10,4,1,Pellet,Left,33,34,33,7
12/18/2019 23:17:18,0,4.09,0,1,Poke,Left,34,34,33,nan
12/18/2019 23:17:42,0,4.17,2,1,Pellet,Left,34,34,34,20
12/18/2019 23:19:07,0,4.09,0,1,Poke,Left,35,34,34,nan
12/18/2019 23:19:25,0,4.14,2,1,Pellet,Left,35,34,35,14
12/18/2019 23:26:47,0,4.09,0,1,Poke,Left,35,35,35,nan
12/18/2019 23:27:08,0,4.10,0,1,Poke,Left,36,35,35,nan
12/18/2019 23:30:40,0,4.18,2,1,Pellet,Left,36,35,36,208
12/18/2019 23:32:12,0,4.09,0,1,Poke,Left,37,35,36,nan
12/18/2019 23:32:27,0,4.09,4,1,Pellet,Left,37,35,37,10
12/18/2019 23:35:57,0,4.09,0,1,Poke,Left,37,36,37,nan
12/18/2019 23:37:26,0,4.09,0,1,Poke,Left,38,36,37,nan
12/18/2019 23:37:33,0,4.17,2,1,Pellet,Left,38,36,38,4
12/18/2019 23:38:03,0,4.09,0,1,Poke,Left,38,37,38,nan
12/18/2019 23:39:15,0,4.09,0,1,Poke,Left,39,37,38,nan
12/18/2019 23:39:42,0,4.09,15,1,Pellet,Left,39,37,39,14
12/18/2019 23:41:01,0,4.09,0,1,Poke,Left,40,37,39,nan
12/18/2019 23:41:06,0,4.18,2,1,Pellet,Left,40,37,40,1
12/18/2019 23:46:57,0,4.09,0,1,Poke,Left,40,38,40,nan
12/18/2019 23:54:12,0,4.09,0,1,Poke,Left,40,39,40,nan
12/19/2019 0:07:41,0,4.09,0,1,Poke,Left,40,40,40,nan
12/19/2019 0:07:45,0,4.09,0,1,Poke,Left,40,41,40,nan
12/19/2019 0:07:48,0,4.09,0,1,Poke,Left,40,42,40,nan
12/19/2019 0:07:57,0,4.09,0,1,Poke,Left,41,42,40,nan
12/19/2019 0:08:02,0,4.16,2,1,Pellet,Left,41,42,41,2
12/19/2019 0:08:19,0,4.09,0,1,Poke,Left,42,42,41,nan
12/19/2019 0:08:32,0,4.09,15,1,Pellet,Left,42,42,42,3
12/19/2019 0:09:31,0,4.09,0,1,Poke,Left,42,43,42,nan
12/19/2019 0:09:54,0,4.09,0,1,Poke,Left,43,43,42,nan
12/19/2019 0:10:13,0,4.08,2,1,Pellet,Left,43,43,43,12
12/19/2019 0:37:44,0,4.08,0,1,Poke,Left,44,43,43,nan
12/19/2019 0:38:55,0,4.16,2,1,Pellet,Left,44,43,44,66
12/19/2019 0:44:11,0,4.08,0,1,Poke,Left,44,44,44,nan
12/19/2019 0:56:37,0,4.08,0,1,Poke,Left,44,45,44,nan
12/19/2019 1:14:11,0,4.08,0,1,Poke,Left,45,45,44,nan
12/19/2019 1:14:23,0,4.17,3,1,Pellet,Left,45,45,45,6
12/19/2019 1:14:57,0,4.07,0,1,Poke,Left,46,45,45,nan
12/19/2019 1:15:03,0,4.17,3,1,Pellet,Left,46,45,46,2
12/19/2019 1:15:50,0,4.07,0,1,Poke,Left,46,46,46,nan
12/19/2019 1:15:54,0,4.08,0,1,Poke,Left,46,47,46,nan
12/19/2019 1:15:58,0,4.07,0,1,Poke,Left,46,48,46,nan
12/19/2019 1:16:14,0,4.08,0,1,Poke,Left,47,48,46,nan
12/19/2019 1:16:27,0,4.16,4,1,Pellet,Left,47,48,47,7
12/19/2019 1:17:50,0,4.08,0,1,Poke,Left,47,49,47,nan
12/19/2019 1:18:00,0,4.07,0,1,Poke,Left,47,50,47,nan
12/19/2019 1:18:19,0,4.08,0,1,Poke,Left,48,50,47,nan
12/19/2019 1:18:25,0,4.16,2,1,Pellet,Left,48,50,48,2
12/19/2019 1:21:25,0,4.08,0,1,Poke,Left,48,51,48,nan
12/19/2019 1:22:31,0,4.07,0,1,Poke,Left,49,51,48,nan
12/19/2019 1:22:38,0,4.16,2,1,Pellet,Left,49,51,49,3
12/19/2019 1:26:52,0,4.08,0,1,Poke,Left,50,51,49,nan
12/19/2019 1:26:56,0,4.16,2,1,Pellet,Left,50,51,50,1
12/19/2019 1:32:24,0,4.07,0,1,Poke,Left,51,51,50,nan
12/19/2019 1:32:29,0,4.16,2,1,Pellet,Left,51,51,51,1
12/19/2019 1:32:45,0,4.07,0,1,Poke,Left,52,51,51,nan
12/19/2019 1:32:50,0,4.16,2,1,Pellet,Left,52,51,52,1
12/19/2019 1:50:09,0,4.07,0,1,Poke,Left,53,51,52,nan
12/19/2019 1:50:15,0,4.07,2,1,Pellet,Left,53,51,53,3
12/19/2019 1:55:50,0,4.07,0,1,Poke,Left,54,51,53,nan
12/19/2019 1:55:56,0,4.16,2,1,Pellet,Left,54,51,54,2
12/19/2019 2:18:31,0,4.07,0,1,Poke,Left,54,52,54,nan
12/19/2019 2:32:41,0,4.07,0,1,Poke,Left,54,53,54,nan
12/19/2019 2:36:43,0,4.07,0,1,Poke,Left,54,54,54,nan
12/19/2019 2:40:46,0,4.07,0,1,Poke,Left,54,55,54,nan
12/19/2019 2:40:59,0,4.07,0,1,Poke,Left,55,55,54,nan
12/19/2019 2:41:04,0,4.15,2,1,Pellet,Left,55,55,55,2
12/19/2019 2:41:37,0,4.07,0,1,Poke,Left,56,55,55,nan
12/19/2019 2:41:43,0,4.16,2,1,Pellet,Left,56,55,56,2
12/19/2019 2:41:57,0,4.07,0,1,Poke,Left,57,55,56,nan
12/19/2019 2:42:09,0,4.07,4,1,Pellet,Left,57,55,57,5
12/19/2019 2:42:49,0,4.07,0,1,Poke,Left,57,56,57,nan
12/19/2019 2:42:59,0,4.07,0,1,Poke,Left,58,56,57,nan
12/19/2019 2:43:04,0,4.16,2,1,Pellet,Left,58,56,58,1
12/19/2019 2:49:47,0,4.07,0,1,Poke,Left,58,57,58,nan
12/19/2019 2:49:48,0,4.07,0,1,Poke,Left,58,58,58,nan
12/19/2019 2:49:50,0,4.07,0,1,Poke,Left,58,59,58,nan
12/19/2019 2:57:04,0,4.07,0,1,Poke,Left,59,59,58,nan
12/19/2019 2:57:09,0,4.15,2,1,Pellet,Left,59,59,59,2
12/19/2019 2:57:54,0,4.07,0,1,Poke,Left,60,59,59,nan
12/19/2019 2:58:08,0,4.15,2,1,Pellet,Left,60,59,60,10
12/19/2019 3:03:20,0,4.07,0,1,Poke,Left,61,59,60,nan
12/19/2019 3:03:25,0,4.15,2,1,Pellet,Left,61,59,61,2
12/19/2019 3:03:33,0,4.07,0,1,Poke,Left,61,60,61,nan
12/19/2019 3:03:50,0,4.07,0,1,Poke,Left,61,61,61,nan
12/19/2019 3:03:59,0,4.07,0,1,Poke,Left,62,61,61,nan
12/19/2019 3:04:04,0,4.15,2,1,Pellet,Left,62,61,62,2
12/19/2019 3:07:36,0,4.06,0,1,Poke,Left,63,61,62,nan
12/19/2019 3:07:43,0,4.15,2,1,Pellet,Left,63,61,63,4
12/19/2019 3:07:59,0,4.07,0,1,Poke,Left,63,62,63,nan
12/19/2019 3:24:02,0,4.07,0,1,Poke,Left,63,63,63,nan
12/19/2019 3:24:08,0,4.06,0,1,Poke,Left,63,64,63,nan
12/19/2019 3:24:14,0,4.06,0,1,Poke,Left,63,65,63,nan
12/19/2019 3:24:19,0,4.07,0,1,Poke,Left,63,66,63,nan
12/19/2019 3:24:21,0,4.06,0,1,Poke,Left,63,67,63,nan
12/19/2019 3:24:22,0,4.07,0,1,Poke,Left,63,68,63,nan
12/19/2019 3:24:25,0,4.06,0,1,Poke,Left,63,69,63,nan
12/19/2019 3:24:26,0,4.07,0,1,Poke,Left,63,70,63,nan
12/19/2019 3:24:30,0,4.06,0,1,Poke,Left,63,71,63,nan
12/19/2019 3:24:36,0,4.06,0,1,Poke,Left,63,72,63,nan
12/19/2019 3:24:38,0,4.07,0,1,Poke,Left,63,73,63,nan
12/19/2019 3:24:41,0,4.07,0,1,Poke,Left,63,74,63,nan
12/19/2019 3:24:42,0,4.07,0,1,Poke,Left,63,75,63,nan
12/19/2019 3:24:44,0,4.06,0,1,Poke,Left,63,76,63,nan
12/19/2019 3:25:00,0,4.07,0,1,Poke,Left,63,77,63,nan
12/19/2019 3:26:22,0,4.06,0,1,Poke,Left,64,77,63,nan
12/19/2019 3:26:29,0,4.15,2,1,Pellet,Left,64,77,64,3
12/19/2019 3:26:41,0,4.06,0,1,Poke,Left,65,77,64,nan
12/19/2019 3:26:50,0,4.15,2,1,Pellet,Left,65,77,65,6
12/19/2019 3:27:06,0,4.07,0,1,Poke,Left,65,78,65,nan
12/19/2019 3:33:51,0,4.07,0,1,Poke,Left,66,78,65,nan
12/19/2019 3:33:57,0,4.15,2,1,Pellet,Left,66,78,66,3
12/19/2019 3:51:03,0,4.06,0,1,Poke,Left,67,78,66,nan
12/19/2019 3:51:08,0,4.14,2,1,Pellet,Left,67,78,67,1
12/19/2019 3:52:53,0,4.06,0,1,Poke,Left,67,79,67,nan
12/19/2019 3:59:48,0,4.07,0,1,Poke,Left,68,79,67,nan
12/19/2019 3:59:55,0,4.15,2,1,Pellet,Left,68,79,68,2
12/19/2019 4:04:34,0,4.06,0,1,Poke,Left,69,79,68,nan
12/19/2019 4:04:42,0,4.14,2,1,Pellet,Left,69,79,69,4
12/19/2019 4:10:42,0,4.06,0,1,Poke,Left,70,79,69,nan
12/19/2019 4:10:48,0,4.14,2,1,Pellet,Left,70,79,70,2
12/19/2019 4:10:56,0,4.05,0,1,Poke,Left,71,79,70,nan
12/19/2019 4:11:04,0,4.15,2,1,Pellet,Left,71,79,71,3
12/19/2019 4:11:12,0,4.05,0,1,Poke,Left,71,80,71,nan
12/19/2019 4:11:14,0,4.05,0,1,Poke,Left,71,81,71,nan
12/19/2019 4:12:35,0,4.05,0,1,Poke,Left,72,81,71,nan
12/19/2019 4:12:41,0,4.14,2,1,Pellet,Left,72,81,72,2
12/19/2019 4:18:00,0,4.06,0,1,Poke,Left,73,81,72,nan
12/19/2019 4:18:06,0,4.14,2,1,Pellet,Left,73,81,73,2
12/19/2019 4:18:13,0,4.06,0,1,Poke,Left,74,81,73,nan
12/19/2019 4:18:20,0,4.06,2,1,Pellet,Left,74,81,74,1
12/19/2019 4:18:39,0,4.06,0,1,Poke,Left,75,81,74,nan
12/19/2019 4:19:35,0,4.14,2,1,Pellet,Left,75,81,75,53
12/19/2019 4:30:43,0,4.05,0,1,Poke,Left,76,81,75,nan
12/19/2019 4:42:48,0,4.05,2,1,Pellet,Left,76,81,76,652
12/19/2019 4:51:33,0,4.06,0,1,Poke,Left,77,81,76,nan
12/19/2019 4:51:39,0,4.14,2,1,Pellet,Left,77,81,77,2
12/19/2019 4:53:22,0,4.05,0,1,Poke,Left,78,81,77,nan
12/19/2019 4:53:28,0,4.14,2,1,Pellet,Left,78,81,78,1
12/19/2019 4:53:49,0,4.05,0,1,Poke,Left,78,82,78,nan
12/19/2019 4:53:58,0,4.06,0,1,Poke,Left,78,83,78,nan
12/19/2019 4:54:04,0,4.06,0,1,Poke,Left,78,84,78,nan
12/19/2019 4:54:07,0,4.05,0,1,Poke,Left,78,85,78,nan
12/19/2019 4:54:13,0,4.06,0,1,Poke,Left,78,86,78,nan
12/19/2019 4:54:22,0,4.05,0,1,Poke,Left,79,86,78,nan
12/19/2019 4:54:30,0,4.05,2,1,Pellet,Left,79,86,79,3
12/19/2019 4:54:37,0,4.05,0,1,Poke,Left,80,86,79,nan
12/19/2019 4:54:47,0,4.14,4,1,Pellet,Left,80,86,80,3
12/19/2019 4:55:20,0,4.05,0,1,Poke,Left,81,86,80,nan
12/19/2019 4:55:57,0,4.14,2,1,Pellet,Left,81,86,81,34
12/19/2019 5:06:35,0,4.05,0,1,Poke,Left,82,86,81,nan
12/19/2019 5:06:42,0,4.14,2,1,Pellet,Left,82,86,82,3
12/19/2019 6:48:08,0,4.05,0,1,Poke,Left,82,87,82,nan
12/19/2019 6:48:32,0,4.04,0,1,Poke,Left,83,87,82,nan
12/19/2019 6:48:36,0,4.12,1,1,Pellet,Left,83,87,83,1
12/19/2019 6:52:42,0,4.05,0,1,Poke,Left,84,87,83,nan
12/19/2019 6:52:48,0,4.13,2,1,Pellet,Left,84,87,84,2
12/19/2019 6:53:08,0,4.04,0,1,Poke,Left,84,88,84,nan
12/19/2019 6:53:19,0,4.05,0,1,Poke,Left,85,88,84,nan
12/19/2019 6:53:24,0,4.13,2,1,Pellet,Left,85,88,85,1
12/19/2019 7:00:58,0,4.05,0,1,Poke,Left,85,89,85,nan
12/19/2019 7:01:58,0,4.04,0,1,Poke,Left,85,90,85,nan
12/19/2019 7:02:18,0,4.04,0,1,Poke,Left,85,91,85,nan
12/19/2019 7:02:27,0,4.05,0,1,Poke,Left,86,91,85,nan
12/19/2019 7:02:34,0,4.05,2,1,Pellet,Left,86,91,86,2
12/19/2019 7:03:01,0,4.05,0,1,Poke,Left,87,91,86,nan
12/19/2019 7:03:07,0,4.12,2,1,Pellet,Left,87,91,87,2
12/19/2019 7:03:17,0,4.04,0,1,Poke,Left,88,91,87,nan
12/19/2019 7:03:24,0,4.13,2,1,Pellet,Left,88,91,88,4
12/19/2019 7:08:08,0,4.04,0,1,Poke,Left,89,91,88,nan
12/19/2019 7:08:14,0,4.13,2,1,Pellet,Left,89,91,89,2
12/19/2019 7:21:09,0,4.05,0,1,Poke,Left,90,91,89,nan
12/19/2019 7:21:27,0,4.04,3,1,Pellet,Left,90,91,90,2
12/19/2019 7:25:20,0,4.04,0,1,Poke,Left,90,92,90,nan
12/19/2019 7:25:43,0,4.04,0,1,Poke,Left,91,92,90,nan
12/19/2019 7:25:48,0,4.13,1,1,Pellet,Left,91,92,91,3
12/19/2019 7:41:18,0,4.04,0,1,Poke,Left,92,92,91,nan
12/19/2019 7:41:23,0,4.12,2,1,Pellet,Left,92,92,92,1
12/19/2019 7:44:09,0,4.04,0,1,Poke,Left,92,93,92,nan
12/19/2019 7:44:19,0,4.04,0,1,Poke,Left,93,93,92,nan
12/19/2019 7:44:26,0,4.12,2,1,Pellet,Left,93,93,93,3
12/19/2019 9:13:28,0,4.03,0,1,Poke,Left,94,93,93,nan
12/19/2019 9:14:37,0,4.12,2,1,Pellet,Left,94,93,94,65
12/19/2019 9:26:23,0,4.03,0,1,Poke,Left,95,93,94,nan
12/19/2019 9:26:32,0,4.11,3,1,Pellet,Left,95,93,95,4
12/19/2019 9:36:42,0,4.04,0,1,Poke,Left,96,93,95,nan
12/19/2019 9:36:47,0,4.12,2,1,Poke,Left,96,93,96,nan
12/19/2019 9:45:12,0,4.03,0,1,Poke,Left,97,93,96,nan
12/19/2019 9:45:24,0,4.12,2,1,Pellet,Left,97,93,97,8
12/19/2019 9:46:01,0,4.03,0,1,Poke,Left,98,93,97,nan
12/19/2019 9:46:21,0,4.03,2,1,Pellet,Left,98,93,98,7
12/19/2019 10:09:23,0,4.03,0,1,Poke,Left,99,93,98,nan
12/19/2019 10:09:29,0,4.11,2,1,Pellet,Left,99,93,99,2
12/19/2019 10:14:30,0,4.03,0,1,Poke,Left,100,93,99,nan
12/19/2019 10:14:39,0,4.11,4,1,Pellet,Left,100,93,100,2
12/19/2019 10:19:25,0,4.03,0,1,Poke,Left,100,94,100,nan
12/19/2019 10:20:53,0,4.03,0,1,Poke,Left,101,94,100,nan
12/19/2019 10:21:03,0,4.03,15,1,Pellet,Left,101,94,101,3
12/19/2019 10:50:37,0,4.03,0,1,Poke,Left,102,94,101,nan
12/19/2019 10:50:42,0,4.12,2,1,Pellet,Left,102,94,102,1
12/19/2019 12:17:15,0,4.02,0,1,Poke,Left,102,95,102,nan
12/19/2019 12:17:43,0,4.03,0,1,Poke,Left,103,95,102,nan
12/19/2019 12:17:49,0,4.11,2,1,Pellet,Left,103,95,103,3
12/19/2019 12:20:00,0,4.03,0,1,Poke,Left,104,95,103,nan
12/19/2019 12:20:06,0,4.11,2,1,Pellet,Left,104,95,104,3
12/19/2019 12:23:14,0,4.02,0,1,Poke,Left,105,95,104,nan
12/19/2019 12:23:24,0,4.11,4,1,Pellet,Left,105,95,105,3
12/19/2019 13:55:33,0,4.02,0,1,Poke,Left,106,95,105,nan
12/19/2019 14:00:12,0,4.02,2,1,Pellet,Left,106,95,106,1
12/19/2019 14:02:50,0,4.02,0,1,Poke,Left,106,96,106,nan
12/19/2019 14:04:17,0,4.02,0,1,Poke,Left,107,96,106,nan
12/19/2019 14:06:05,0,4.10,2,1,Pellet,Left,107,96,107,104
12/19/2019 14:08:15,0,4.02,0,1,Poke,Left,108,96,107,nan
12/19/2019 14:08:30,0,4.10,2,1,Pellet,Left,108,96,108,11
12/19/2019 14:09:53,0,4.02,0,1,Poke,Left,109,96,108,nan
12/19/2019 14:10:10,0,4.11,2,1,Pellet,Left,109,96,109,13
12/19/2019 14:11:07,0,4.02,0,1,Poke,Left,109,97,109,nan
12/19/2019 14:12:49,0,4.02,0,1,Poke,Left,109,98,109,nan
12/19/2019 14:12:51,0,4.02,0,1,Poke,Left,109,99,109,nan
12/19/2019 14:12:52,0,4.02,0,1,Poke,Left,109,100,109,nan
12/19/2019 14:12:54,0,4.02,0,1,Poke,Left,109,101,109,nan
12/19/2019 14:12:56,0,4.02,0,1,Poke,Left,109,102,109,nan
12/19/2019 14:12:58,0,4.01,0,1,Poke,Left,109,103,109,nan
12/19/2019 14:12:59,0,4.02,0,1,Poke,Left,109,104,109,nan
12/19/2019 14:13:13,0,4.02,0,1,Poke,Left,109,105,109,nan
12/19/2019 14:14:37,0,4.02,0,1,Poke,Left,109,106,109,nan
12/19/2019 14:15:01,0,4.02,0,1,Poke,Left,110,106,109,nan
12/19/2019 14:15:07,0,4.10,2,1,Pellet,Left,110,106,110,1
12/19/2019 14:15:26,0,4.01,0,1,Poke,Left,110,107,110,nan
12/19/2019 14:15:28,0,4.02,0,1,Poke,Left,110,108,110,nan
12/19/2019 14:20:27,0,4.02,0,1,Poke,Left,110,109,110,nan
12/19/2019 14:21:23,0,4.02,0,1,Poke,Left,111,109,110,nan
12/19/2019 14:21:44,0,4.02,2,1,Pellet,Left,111,109,111,18
12/19/2019 14:23:19,0,4.02,0,1,Poke,Left,112,109,111,nan
12/19/2019 14:23:24,0,4.10,2,1,Pellet,Left,112,109,112,1
12/19/2019 14:26:17,0,4.02,0,1,Poke,Left,113,109,112,nan
12/19/2019 14:26:23,0,4.10,2,1,Pellet,Left,113,109,113,2
12/19/2019 14:30:55,0,4.01,0,1,Poke,Left,113,110,113,nan
12/19/2019 14:31:00,0,4.02,0,1,Poke,Left,113,111,113,nan
12/19/2019 14:32:37,0,4.02,0,1,Poke,Left,113,112,113,nan
12/19/2019 14:32:39,0,4.02,0,1,Poke,Left,113,113,113,nan
12/19/2019 14:32:51,0,4.02,0,1,Poke,Left,114,113,113,nan
12/19/2019 14:32:56,0,4.10,2,1,Pellet,Left,114,113,114,1
12/19/2019 14:35:33,0,4.02,0,1,Poke,Left,114,114,114,nan
12/19/2019 14:36:07,0,4.01,0,1,Poke,Left,115,114,114,nan
12/19/2019 14:36:12,0,4.10,2,1,Pellet,Left,115,114,115,1
12/19/2019 14:37:08,0,4.02,0,1,Poke,Left,115,115,115,nan
12/19/2019 14:46:14,0,4.01,0,1,Poke,Left,116,115,115,nan
12/19/2019 14:46:23,0,4.10,2,1,Pellet,Left,116,115,116,5
12/19/2019 15:07:36,0,4.01,0,1,Poke,Left,117,115,116,nan
12/19/2019 15:07:40,0,4.10,2,1,Pellet,Left,117,115,117,1
12/19/2019 16:20:49,0,4.01,0,1,Poke,Left,118,115,117,nan
12/19/2019 16:20:54,0,4.09,2,1,Pellet,Left,118,115,118,2
12/19/2019 16:24:17,0,4.02,0,1,Poke,Left,119,115,118,nan
12/19/2019 16:24:29,0,4.09,2,1,Pellet,Left,119,115,119,7
12/19/2019 16:27:12,0,4.01,0,1,Poke,Left,119,116,119,nan
12/19/2019 16:33:44,0,4.01,0,1,Poke,Left,119,117,119,nan
12/19/2019 16:44:39,0,4.00,0,1,Poke,Left,119,118,119,nan
12/19/2019 17:12:11,0,4.00,0,1,Poke,Left,120,118,119,nan
12/19/2019 17:13:05,0,4.00,2,1,Pellet,Left,120,118,120,1
12/19/2019 18:56:45,0,4.00,0,1,Poke,Left,121,118,120,nan
12/19/2019 18:56:50,0,4.07,2,1,Poke,Left,121,118,121,nan
12/19/2019 18:57:46,0,4.00,0,1,Poke,Left,122,118,121,nan
12/19/2019 18:57:54,0,4.07,2,1,Pellet,Left,122,118,122,4
12/19/2019 19:12:41,0,4.00,0,1,Poke,Left,123,118,122,nan
12/19/2019 19:12:46,0,4.07,2,1,Pellet,Left,123,118,123,1
12/19/2019 19:13:05,0,4.00,0,1,Poke,Left,124,118,123,nan
12/19/2019 19:13:16,0,4.07,4,1,Pellet,Left,124,118,124,4
12/19/2019 19:14:01,0,4.00,0,1,Poke,Left,124,119,124,nan
12/19/2019 19:14:08,0,3.99,0,1,Poke,Left,124,120,124,nan
12/19/2019 19:15:00,0,3.99,0,1,Poke,Left,125,120,124,nan
12/19/2019 19:15:05,0,4.07,2,1,Pellet,Left,125,120,125,2
12/19/2019 19:15:58,0,3.99,0,1,Poke,Left,126,120,125,nan
12/19/2019 19:16:03,0,4.07,2,1,Pellet,Left,126,120,126,1
12/19/2019 19:17:04,0,4.00,0,1,Poke,Left,127,120,126,nan
12/19/2019 19:17:09,0,4.07,2,1,Pellet,Left,127,120,127,2
12/19/2019 19:17:33,0,4.00,0,1,Poke,Left,128,120,127,nan
12/19/2019 19:17:39,0,4.07,2,1,Pellet,Left,128,120,128,1
12/19/2019 19:17:51,0,4.00,0,1,Poke,Left,129,120,128,nan
12/19/2019 19:17:56,0,4.07,2,1,Pellet,Left,129,120,129,2
12/19/2019 19:46:25,0,3.99,0,1,Poke,Left,130,120,129,nan
12/19/2019 19:46:30,0,4.07,2,1,Pellet,Left,130,120,130,1
12/19/2019 19:46:40,0,3.98,0,1,Poke,Left,130,121,130,nan
12/19/2019 19:48:55,0,3.99,0,1,Poke,Left,130,122,130,nan
12/19/2019 19:48:57,0,3.99,0,1,Poke,Left,131,122,130,nan
12/19/2019 19:49:03,0,4.07,2,1,Pellet,Left,131,122,131,2
12/19/2019 19:50:00,0,3.99,0,1,Poke,Left,132,122,131,nan
12/19/2019 19:50:07,0,4.07,4,1,Pellet,Left,132,122,132,2
12/19/2019 19:51:04,0,3.99,0,1,Poke,Left,133,122,132,nan
12/19/2019 19:51:27,0,3.99,15,1,Pellet,Left,133,122,133,13
12/19/2019 19:52:31,0,3.99,0,1,Poke,Left,134,122,133,nan
12/19/2019 19:52:36,0,4.07,2,1,Pellet,Left,134,122,134,2
12/19/2019 19:52:49,0,3.99,0,1,Poke,Left,135,122,134,nan
12/19/2019 19:52:54,0,4.07,2,1,Pellet,Left,135,122,135,2
12/19/2019 19:53:24,0,3.99,0,1,Poke,Left,136,122,135,nan
12/19/2019 19:53:29,0,4.07,2,1,Pellet,Left,136,122,136,1
12/19/2019 19:53:41,0,3.99,0,1,Poke,Left,136,123,136,nan
12/19/2019 19:53:56,0,3.99,0,1,Poke,Left,137,123,136,nan
12/19/2019 19:54:02,0,4.07,2,1,Pellet,Left,137,123,137,2
12/19/2019 19:54:38,0,3.99,0,1,Poke,Left,138,123,137,nan
12/19/2019 19:54:43,0,4.04,2,1,Pellet,Left,138,123,138,2
12/19/2019 19:55:13,0,3.99,0,1,Poke,Left,139,123,138,nan
12/19/2019 19:55:18,0,4.07,2,1,Pellet,Left,139,123,139,1
12/19/2019 20:29:35,0,3.99,0,1,Poke,Left,139,124,139,nan
12/19/2019 20:44:42,0,3.99,0,1,Poke,Left,140,124,139,nan
12/19/2019 20:44:49,0,4.07,2,1,Pellet,Left,140,124,140,3
12/19/2019 20:46:04,0,4.00,0,1,Poke,Left,141,124,140,nan
12/19/2019 20:46:10,0,4.06,2,1,Pellet,Left,141,124,141,2
12/19/2019 20:46:37,0,3.98,0,1,Poke,Left,142,124,141,nan
12/19/2019 20:46:43,0,4.06,2,1,Pellet,Left,142,124,142,2
12/19/2019 20:47:07,0,3.98,0,1,Poke,Left,143,124,142,nan
12/19/2019 20:47:17,0,4.06,2,1,Pellet,Left,143,124,143,6
12/19/2019 20:47:46,0,3.99,0,1,Poke,Left,143,125,143,nan
12/19/2019 20:47:49,0,3.98,0,1,Poke,Left,143,126,143,nan
12/19/2019 20:47:55,0,3.98,0,1,Poke,Left,143,127,143,nan
12/19/2019 20:48:00,0,3.99,0,1,Poke,Left,144,127,143,nan
12/19/2019 20:48:11,0,3.98,4,1,Pellet,Left,144,127,144,6
12/19/2019 20:49:04,0,3.98,0,1,Poke,Left,145,127,144,nan
12/19/2019 20:49:09,0,4.06,2,1,Pellet,Left,145,127,145,1
12/19/2019 20:49:32,0,3.98,0,1,Poke,Left,146,127,145,nan
12/19/2019 20:49:37,0,4.06,2,1,Pellet,Left,146,127,146,1
12/19/2019 20:49:54,0,3.98,0,1,Poke,Left,147,127,146,nan
12/19/2019 20:49:59,0,4.07,2,1,Pellet,Left,147,127,147,2
12/19/2019 20:50:23,0,3.99,0,1,Poke,Left,148,127,147,nan
12/19/2019 20:50:28,0,4.07,2,1,Pellet,Left,148,127,148,2
12/19/2019 20:50:51,0,3.99,0,1,Poke,Left,149,127,148,nan
12/19/2019 20:50:56,0,4.07,2,1,Pellet,Left,149,127,149,2
12/19/2019 20:52:51,0,3.98,0,1,Poke,Left,149,128,149,nan
12/19/2019 20:57:32,0,3.99,0,1,Poke,Left,149,129,149,nan
12/19/2019 20:57:34,0,3.99,0,1,Poke,Left,149,130,149,nan
12/19/2019 21:13:04,0,3.98,0,1,Poke,Left,150,130,149,nan
12/19/2019 21:13:09,0,4.06,2,1,Pellet,Left,150,130,150,1
12/19/2019 21:15:47,0,3.98,0,1,Poke,Left,151,130,150,nan
12/19/2019 21:15:53,0,3.98,2,1,Pellet,Left,151,130,151,3
12/19/2019 21:16:24,0,3.98,0,1,Poke,Left,152,130,151,nan
12/19/2019 21:16:29,0,4.06,2,1,Pellet,Left,152,130,152,2
12/19/2019 22:17:24,0,3.98,0,1,Poke,Left,152,131,152,nan
12/19/2019 22:18:19,0,3.98,0,1,Poke,Left,153,131,152,nan
12/19/2019 22:18:27,0,4.05,2,1,Pellet,Left,153,131,153,5
12/19/2019 22:24:33,0,3.97,0,1,Poke,Left,154,131,153,nan
12/19/2019 22:24:39,0,4.05,2,1,Pellet,Left,154,131,154,2
12/19/2019 22:25:04,0,3.98,0,1,Poke,Left,155,131,154,nan
12/19/2019 22:25:09,0,3.97,2,1,Pellet,Left,155,131,155,2
12/19/2019 22:26:43,0,3.98,0,1,Poke,Left,156,131,155,nan
12/19/2019 22:27:52,0,4.05,2,1,Pellet,Left,156,131,156,65
12/19/2019 22:28:30,0,3.98,0,1,Poke,Left,157,131,156,nan
12/19/2019 22:28:35,0,4.06,2,1,Pellet,Left,157,131,157,1
12/19/2019 22:28:47,0,3.98,0,1,Poke,Left,158,131,157,nan
12/19/2019 22:28:57,0,3.98,4,1,Pellet,Left,158,131,158,4
12/19/2019 22:29:33,0,3.98,0,1,Poke,Left,159,131,158,nan
12/19/2019 22:29:38,0,4.06,2,1,Pellet,Left,159,131,159,2
12/19/2019 22:29:53,0,3.98,0,1,Poke,Left,159,132,159,nan
12/19/2019 22:30:51,0,3.98,0,1,Poke,Left,160,132,159,nan
12/19/2019 22:30:57,0,4.06,2,1,Pellet,Left,160,132,160,2
12/19/2019 22:31:14,0,3.98,0,1,Poke,Left,161,132,160,nan
12/19/2019 22:31:19,0,4.06,2,1,Pellet,Left,161,132,161,2
12/19/2019 22:33:20,0,3.98,0,1,Poke,Left,162,132,161,nan
12/19/2019 22:33:26,0,4.05,2,1,Pellet,Left,162,132,162,1
12/19/2019 22:36:14,0,3.98,0,1,Poke,Left,162,133,162,nan
12/19/2019 22:36:36,0,3.98,0,1,Poke,Left,162,134,162,nan
12/19/2019 22:36:40,0,3.97,0,1,Poke,Left,162,135,162,nan
12/19/2019 22:36:43,0,3.98,0,1,Poke,Left,162,136,162,nan
12/19/2019 22:36:50,0,3.98,0,1,Poke,Left,163,136,162,nan
12/19/2019 22:36:55,0,4.05,2,1,Pellet,Left,163,136,163,1
12/19/2019 22:37:37,0,3.96,0,1,Poke,Left,164,136,163,nan
12/19/2019 22:37:43,0,3.98,2,1,Pellet,Left,164,136,164,3
12/19/2019 22:45:59,0,3.97,0,1,Poke,Left,164,137,164,nan
12/19/2019 22:46:08,0,3.98,0,1,Poke,Left,165,137,164,nan
12/19/2019 22:46:12,0,4.05,2,1,Pellet,Left,165,137,165,1
12/19/2019 22:47:20,0,3.98,0,1,Poke,Left,165,138,165,nan
12/19/2019 22:50:21,0,3.97,0,1,Poke,Left,166,138,165,nan
12/19/2019 22:50:26,0,4.06,2,1,Pellet,Left,166,138,166,1
12/19/2019 22:51:48,0,3.98,0,1,Poke,Left,166,139,166,nan
12/19/2019 22:51:58,0,3.98,0,1,Poke,Left,167,139,166,nan
12/19/2019 22:52:11,0,3.98,2,1,Pellet,Left,167,139,167,4
12/19/2019 22:53:16,0,3.97,0,1,Poke,Left,167,140,167,nan
12/19/2019 23:01:56,0,3.98,0,1,Poke,Left,168,140,167,nan
12/19/2019 23:02:05,0,4.05,2,1,Pellet,Left,168,140,168,5
12/19/2019 23:03:09,0,3.98,0,1,Poke,Left,168,141,168,nan
12/19/2019 23:16:06,0,3.97,0,1,Poke,Left,168,142,168,nan
12/19/2019 23:27:59,0,3.97,0,1,Poke,Left,169,142,168,nan
12/19/2019 23:28:06,0,4.05,2,1,Pellet,Left,169,142,169,3
12/19/2019 23:28:39,0,3.97,0,1,Poke,Left,170,142,169,nan
12/19/2019 23:28:46,0,4.05,2,1,Pellet,Left,170,142,170,3
12/19/2019 23:29:08,0,3.97,0,1,Poke,Left,171,142,170,nan
12/19/2019 23:29:16,0,4.05,2,1,Pellet,Left,171,142,171,4
12/19/2019 23:29:48,0,3.97,0,1,Poke,Left,172,142,171,nan
12/19/2019 23:29:53,0,4.05,2,1,Pellet,Left,172,142,172,2
12/19/2019 23:30:04,0,3.96,0,1,Poke,Left,173,142,172,nan
12/19/2019 23:30:14,0,3.97,2,1,Pellet,Left,173,142,173,3
12/19/2019 23:30:34,0,3.97,0,1,Poke,Left,174,142,173,nan
12/19/2019 23:30:40,0,4.05,2,1,Pellet,Left,174,142,174,3
12/19/2019 23:31:17,0,3.97,0,1,Poke,Left,175,142,174,nan
12/19/2019 23:31:23,0,4.05,2,1,Pellet,Left,175,142,175,2
12/19/2019 23:31:40,0,3.96,0,1,Poke,Left,176,142,175,nan
12/19/2019 23:31:46,0,4.05,2,1,Pellet,Left,176,142,176,1
12/19/2019 23:32:11,0,3.97,0,1,Poke,Left,177,142,176,nan
12/19/2019 23:32:17,0,4.05,2,1,Pellet,Left,177,142,177,2
12/19/2019 23:36:32,0,3.97,0,1,Poke,Left,178,142,177,nan
12/19/2019 23:36:39,0,3.97,2,1,Pellet,Left,178,142,178,2
12/19/2019 23:39:20,0,3.97,0,1,Poke,Left,178,143,178,nan
12/19/2019 23:40:24,0,3.97,0,1,Poke,Left,179,143,178,nan
12/19/2019 23:40:30,0,4.05,1,1,Pellet,Left,179,143,179,2
12/19/2019 23:42:33,0,3.97,0,1,Poke,Left,180,143,179,nan
12/19/2019 23:42:38,0,4.05,2,1,Pellet,Left,180,143,180,2
12/19/2019 23:43:32,0,3.97,0,1,Poke,Left,180,144,180,nan
12/19/2019 23:44:02,0,3.97,0,1,Poke,Left,180,145,180,nan
12/19/2019 23:51:57,0,3.97,0,1,Poke,Left,180,146,180,nan
12/19/2019 23:52:06,0,3.97,0,1,Poke,Left,181,146,180,nan
12/19/2019 23:52:11,0,4.05,2,1,Pellet,Left,181,146,181,1
12/19/2019 23:53:35,0,3.96,0,1,Poke,Left,181,147,181,nan
12/19/2019 23:53:41,0,3.97,0,1,Poke,Left,182,147,181,nan
12/19/2019 23:53:47,0,4.05,2,1,Pellet,Left,182,147,182,2
12/19/2019 23:55:43,0,3.97,0,1,Poke,Left,182,148,182,nan
12/19/2019 23:59:23,0,3.97,0,1,Poke,Left,183,148,182,nan
12/19/2019 23:59:27,0,4.05,2,1,Pellet,Left,183,148,183,1
12/20/2019 0:03:04,0,3.97,0,1,Poke,Left,184,148,183,nan
12/20/2019 0:03:09,0,4.05,2,1,Pellet,Left,184,148,184,1
12/20/2019 0:05:44,0,3.97,0,1,Poke,Left,185,148,184,nan
12/20/2019 0:05:50,0,3.97,2,1,Pellet,Left,185,148,185,3
12/20/2019 0:07:05,0,3.97,0,1,Poke,Left,186,148,185,nan
12/20/2019 0:07:10,0,4.04,2,1,Pellet,Left,186,148,186,1
12/20/2019 0:07:26,0,3.96,0,1,Poke,Left,186,149,186,nan
12/20/2019 0:08:13,0,3.97,0,1,Poke,Left,186,150,186,nan
12/20/2019 0:08:29,0,3.97,0,1,Poke,Left,187,150,186,nan
12/20/2019 0:08:34,0,4.05,2,1,Pellet,Left,187,150,187,2
12/20/2019 0:08:55,0,3.96,0,1,Poke,Left,187,151,187,nan
12/20/2019 0:09:04,0,3.96,0,1,Poke,Left,188,151,187,nan
12/20/2019 0:09:09,0,4.05,2,1,Pellet,Left,188,151,188,2
12/20/2019 0:09:31,0,3.96,0,1,Poke,Left,189,151,188,nan
12/20/2019 0:09:37,0,4.04,2,1,Pellet,Left,189,151,189,1
12/20/2019 0:11:12,0,3.96,0,1,Poke,Left,190,151,189,nan
12/20/2019 0:11:16,0,4.05,2,1,Pellet,Left,190,151,190,1
12/20/2019 0:11:34,0,3.97,0,1,Poke,Left,191,151,190,nan
12/20/2019 0:11:40,0,4.05,2,1,Pellet,Left,191,151,191,2
12/20/2019 0:11:53,0,3.96,0,1,Poke,Left,192,151,191,nan
12/20/2019 0:11:59,0,4.04,2,1,Pellet,Left,192,151,192,1
12/20/2019 0:12:13,0,3.97,0,1,Poke,Left,193,151,192,nan
12/20/2019 0:12:18,0,4.05,2,1,Pellet,Left,193,151,193,1
12/20/2019 0:12:35,0,3.97,0,1,Poke,Left,194,151,193,nan
12/20/2019 0:12:40,0,4.05,2,1,Pellet,Left,194,151,194,1
12/20/2019 0:14:15,0,3.96,0,1,Poke,Left,194,152,194,nan
12/20/2019 0:14:24,0,3.96,0,1,Poke,Left,194,153,194,nan
12/20/2019 0:14:30,0,3.97,0,1,Poke,Left,194,154,194,nan
12/20/2019 0:15:15,0,3.96,0,1,Poke,Left,195,154,194,nan
12/20/2019 0:15:21,0,4.04,2,1,Pellet,Left,195,154,195,2
12/20/2019 0:15:45,0,3.96,0,1,Poke,Left,196,154,195,nan
12/20/2019 0:16:04,0,3.96,2,1,Pellet,Left,196,154,196,3
12/20/2019 0:17:22,0,3.96,0,1,Poke,Left,197,154,196,nan
12/20/2019 0:17:27,0,3.97,2,1,Pellet,Left,197,154,197,1
12/20/2019 0:20:18,0,3.97,0,1,Poke,Left,198,154,197,nan
12/20/2019 0:20:46,0,3.97,2,1,Pellet,Left,198,154,198,20
12/20/2019 0:27:48,0,3.96,0,1,Poke,Left,199,154,198,nan
12/20/2019 0:27:56,0,4.05,2,1,Pellet,Left,199,154,199,4
12/20/2019 0:28:11,0,3.97,0,1,Poke,Left,200,154,199,nan
12/20/2019 0:28:17,0,4.04,2,1,Pellet,Left,200,154,200,2
12/20/2019 0:28:30,0,3.96,0,1,Poke,Left,201,154,200,nan
12/20/2019 0:28:35,0,4.05,2,1,Pellet,Left,201,154,201,1
12/20/2019 0:28:49,0,3.96,0,1,Poke,Left,201,155,201,nan
12/20/2019 0:30:19,0,3.96,0,1,Poke,Left,202,155,201,nan
12/20/2019 0:30:35,0,4.05,2,1,Pellet,Left,202,155,202,13
12/20/2019 0:32:51,0,3.96,0,1,Poke,Left,203,155,202,nan
12/20/2019 0:33:04,0,4.05,2,1,Pellet,Left,203,155,203,9
12/20/2019 0:34:08,0,3.96,0,1,Poke,Left,203,156,203,nan
12/20/2019 0:34:14,0,3.97,0,1,Poke,Left,204,156,203,nan
12/20/2019 0:34:28,0,3.96,2,1,Pellet,Left,204,156,204,1
12/20/2019 0:36:54,0,3.96,0,1,Poke,Left,204,157,204,nan
12/20/2019 0:41:58,0,3.96,0,1,Poke,Left,205,157,204,nan
12/20/2019 0:42:32,0,3.97,2,1,Pellet,Left,205,157,205,3
12/20/2019 0:44:43,0,3.96,0,1,Poke,Left,205,158,205,nan
12/20/2019 0:44:44,0,3.96,0,1,Poke,Left,205,159,205,nan
12/20/2019 0:44:47,0,3.96,0,1,Poke,Left,205,160,205,nan
12/20/2019 0:44:51,0,3.96,0,1,Poke,Left,206,160,205,nan
12/20/2019 0:44:56,0,4.05,2,1,Pellet,Left,206,160,206,1
12/20/2019 0:45:20,0,3.96,0,1,Poke,Left,207,160,206,nan
12/20/2019 0:45:26,0,4.04,2,1,Pellet,Left,207,160,207,2
12/20/2019 0:45:39,0,3.96,0,1,Poke,Left,208,160,207,nan
12/20/2019 0:45:44,0,4.05,2,1,Pellet,Left,208,160,208,2
12/20/2019 0:46:06,0,3.96,0,1,Poke,Left,209,160,208,nan
12/20/2019 0:46:11,0,4.04,2,1,Pellet,Left,209,160,209,1
12/20/2019 0:46:47,0,3.96,0,1,Poke,Left,210,160,209,nan
12/20/2019 0:47:22,0,3.96,2,1,Pellet,Left,210,160,210,6
12/20/2019 0:48:25,0,3.96,0,1,Poke,Left,211,160,210,nan
12/20/2019 0:48:30,0,3.96,2,1,Pellet,Left,211,160,211,2
12/20/2019 2:45:23,0,3.95,0,1,Poke,Left,212,160,211,nan
12/20/2019 2:45:31,0,4.03,2,1,Pellet,Left,212,160,212,4
12/20/2019 2:46:20,0,3.95,0,1,Poke,Left,212,161,212,nan
12/20/2019 2:49:46,0,3.96,0,1,Poke,Left,212,162,212,nan
12/20/2019 2:53:03,0,3.95,0,1,Poke,Left,212,163,212,nan
12/20/2019 2:54:58,0,3.94,0,1,Poke,Left,213,163,212,nan
12/20/2019 2:55:04,0,4.03,2,1,Pellet,Left,213,163,213,2
12/20/2019 2:55:24,0,3.95,0,1,Poke,Left,213,164,213,nan
12/20/2019 2:55:28,0,3.95,0,1,Poke,Left,213,165,213,nan
12/20/2019 2:55:32,0,3.94,0,1,Poke,Left,214,165,213,nan
12/20/2019 2:55:38,0,4.03,2,1,Pellet,Left,214,165,214,1
12/20/2019 2:55:47,0,3.96,0,1,Poke,Left,214,166,214,nan
12/20/2019 2:55:55,0,3.95,0,1,Poke,Left,214,167,214,nan
12/20/2019 2:55:59,0,3.95,0,1,Poke,Left,214,168,214,nan
12/20/2019 2:56:02,0,3.96,0,1,Poke,Left,214,169,214,nan
12/20/2019 2:56:10,0,3.95,0,1,Poke,Left,215,169,214,nan
12/20/2019 2:56:15,0,4.03,2,1,Poke,Left,216,169,214,nan
12/20/2019 2:56:25,0,4.03,2,1,Pellet,Left,216,169,215,7
12/20/2019 2:56:47,0,3.95,0,1,Poke,Left,217,169,215,nan
12/20/2019 2:56:52,0,4.03,2,1,Pellet,Left,217,169,216,2
12/20/2019 2:57:28,0,3.95,0,1,Poke,Left,217,170,216,nan
12/20/2019 2:57:32,0,3.95,0,1,Poke,Left,218,170,216,nan
12/20/2019 2:57:37,0,4.03,2,1,Pellet,Left,218,170,217,1
12/20/2019 2:58:28,0,3.95,0,1,Poke,Left,219,170,217,nan
12/20/2019 2:58:35,0,4.03,2,1,Pellet,Left,219,170,218,3
12/20/2019 2:58:59,0,3.95,0,1,Poke,Left,219,171,218,nan
12/20/2019 2:59:39,0,3.94,0,1,Poke,Left,220,171,218,nan
12/20/2019 2:59:44,0,4.03,2,1,Pellet,Left,220,171,219,1
12/20/2019 2:59:54,0,3.95,0,1,Poke,Left,221,171,219,nan
12/20/2019 3:00:00,0,4.02,2,1,Pellet,Left,221,171,220,3
12/20/2019 3:00:08,0,3.95,0,1,Poke,Left,222,171,220,nan
12/20/2019 3:00:13,0,4.03,2,1,Pellet,Left,222,171,221,1
12/20/2019 3:00:56,0,3.95,0,1,Poke,Left,223,171,221,nan
12/20/2019 3:01:02,0,4.03,2,1,Pellet,Left,223,171,222,1
12/20/2019 3:01:43,0,3.95,0,1,Poke,Left,223,172,222,nan
12/20/2019 3:01:53,0,3.94,0,1,Poke,Left,224,172,222,nan
12/20/2019 3:01:58,0,3.95,2,1,Pellet,Left,224,172,223,2
12/20/2019 3:02:53,0,3.95,0,1,Poke,Left,225,172,223,nan
12/20/2019 3:02:58,0,4.03,2,1,Pellet,Left,225,172,224,1
12/20/2019 3:03:44,0,3.95,0,1,Poke,Left,226,172,224,nan
12/20/2019 3:03:56,0,4.03,3,1,Pellet,Left,226,172,225,6
12/20/2019 3:12:37,0,3.95,0,1,Poke,Left,227,172,225,nan
12/20/2019 3:12:42,0,3.95,2,1,Pellet,Left,227,172,226,2
12/20/2019 3:13:52,0,3.95,0,1,Poke,Left,227,173,226,nan
12/20/2019 3:14:06,0,3.95,0,1,Poke,Left,228,173,226,nan
12/20/2019 3:14:11,0,4.03,2,1,Pellet,Left,228,173,227,1
12/20/2019 3:14:30,0,3.95,0,1,Poke,Left,229,173,227,nan
12/20/2019 3:14:35,0,4.03,2,1,Pellet,Left,229,173,228,1
12/20/2019 3:14:46,0,3.94,0,1,Poke,Left,230,173,228,nan
12/20/2019 3:14:53,0,4.03,2,1,Pellet,Left,230,173,229,3
12/20/2019 3:15:17,0,3.94,0,1,Poke,Left,230,174,229,nan
12/20/2019 3:15:25,0,3.95,0,1,Poke,Left,231,174,229,nan
12/20/2019 3:15:34,0,3.95,2,1,Pellet,Left,231,174,230,6
12/20/2019 3:16:51,0,3.95,0,1,Poke,Left,232,174,230,nan
12/20/2019 3:16:56,0,4.03,2,1,Pellet,Left,232,174,231,1
12/20/2019 3:17:16,0,3.95,0,1,Poke,Left,232,175,231,nan
12/20/2019 3:17:21,0,3.95,0,1,Poke,Left,233,175,231,nan
12/20/2019 3:17:26,0,4.02,1,1,Pellet,Left,233,175,232,1
12/20/2019 3:19:20,0,3.94,0,1,Poke,Left,234,175,232,nan
12/20/2019 3:19:25,0,4.03,2,1,Pellet,Left,234,175,233,2
12/20/2019 3:21:26,0,3.95,0,1,Poke,Left,234,176,233,nan
12/20/2019 3:24:51,0,3.94,0,1,Poke,Left,235,176,233,nan
12/20/2019 3:24:56,0,4.03,2,1,Pellet,Left,235,176,234,1
12/20/2019 3:30:23,0,3.95,0,1,Poke,Left,236,176,234,nan
12/20/2019 3:30:28,0,4.03,2,1,Pellet,Left,236,176,235,2
12/20/2019 3:31:04,0,3.94,0,1,Poke,Left,237,176,235,nan
12/20/2019 3:31:17,0,4.03,2,1,Pellet,Left,237,176,236,9
12/20/2019 5:02:50,0,3.94,0,1,Poke,Left,238,176,236,nan
12/20/2019 5:02:55,0,4.02,2,1,Pellet,Left,238,176,237,1
12/20/2019 5:03:10,0,3.94,0,1,Poke,Left,239,176,237,nan
12/20/2019 5:03:14,0,3.94,2,1,Pellet,Left,239,176,238,1
12/20/2019 5:03:28,0,3.94,0,1,Poke,Left,240,176,238,nan
12/20/2019 5:03:34,0,4.02,2,1,Pellet,Left,240,176,239,1
12/20/2019 5:03:45,0,3.94,0,1,Poke,Left,241,176,239,nan
12/20/2019 5:03:51,0,4.02,2,1,Pellet,Left,241,176,240,2
12/20/2019 5:03:58,0,3.94,0,1,Poke,Left,241,177,240,nan
12/20/2019 5:04:14,0,3.94,0,1,Poke,Left,242,177,240,nan
12/20/2019 5:04:20,0,4.02,2,1,Pellet,Left,242,177,241,1
12/20/2019 5:04:51,0,3.94,0,1,Poke,Left,243,177,241,nan
12/20/2019 5:04:56,0,4.02,2,1,Pellet,Left,243,177,242,1
12/20/2019 5:05:39,0,3.94,0,1,Poke,Left,244,177,242,nan
12/20/2019 5:05:44,0,4.02,2,1,Pellet,Left,244,177,243,1
12/20/2019 5:06:16,0,3.94,0,1,Poke,Left,245,177,243,nan
12/20/2019 5:06:21,0,4.02,2,1,Pellet,Left,245,177,244,2
12/20/2019 5:06:34,0,3.94,0,1,Poke,Left,245,178,244,nan
12/20/2019 5:06:41,0,3.94,0,1,Poke,Left,246,178,244,nan
12/20/2019 5:06:46,0,4.02,2,1,Pellet,Left,246,178,245,1
12/20/2019 5:07:11,0,3.94,0,1,Poke,Left,246,179,245,nan
12/20/2019 5:07:43,0,3.94,0,1,Poke,Left,247,179,245,nan
12/20/2019 5:07:48,0,4.02,2,1,Pellet,Left,247,179,246,1
12/20/2019 5:08:51,0,3.94,0,1,Poke,Left,248,179,246,nan
12/20/2019 5:08:57,0,4.02,2,1,Pellet,Left,248,179,247,2
12/20/2019 5:09:21,0,3.94,0,1,Poke,Left,249,179,247,nan
12/20/2019 5:09:40,0,4.02,4,1,Pellet,Left,249,179,248,12
12/20/2019 5:11:36,0,3.94,0,1,Poke,Left,249,180,248,nan
12/20/2019 5:17:10,0,3.94,0,1,Poke,Left,250,180,248,nan
12/20/2019 5:17:14,0,4.02,1,1,Pellet,Left,250,180,249,2
12/20/2019 5:17:48,0,3.94,0,1,Poke,Left,250,181,249,nan
12/20/2019 5:21:18,0,3.94,0,1,Poke,Left,251,181,249,nan
12/20/2019 5:21:24,0,4.02,2,1,Pellet,Left,251,181,250,2
12/20/2019 5:21:44,0,3.94,0,1,Poke,Left,251,182,250,nan
12/20/2019 5:22:21,0,3.94,0,1,Poke,Left,251,183,250,nan
12/20/2019 5:22:28,0,3.94,0,1,Poke,Left,252,183,250,nan
12/20/2019 5:22:34,0,4.02,2,1,Pellet,Left,252,183,251,2
12/20/2019 5:22:51,0,3.94,0,1,Poke,Left,253,183,251,nan
12/20/2019 5:22:57,0,4.02,2,1,Pellet,Left,253,183,252,2
12/20/2019 5:23:45,0,3.94,0,1,Poke,Left,253,184,252,nan
12/20/2019 5:23:48,0,3.93,0,1,Poke,Left,253,185,252,nan
12/20/2019 5:23:49,0,3.94,0,1,Poke,Left,254,185,252,nan
12/20/2019 5:23:54,0,4.02,2,1,Pellet,Left,254,185,253,1
12/20/2019 5:30:56,0,3.94,0,1,Poke,Left,254,186,253,nan
12/20/2019 5:31:07,0,3.94,0,1,Poke,Left,255,186,253,nan
12/20/2019 5:31:12,0,4.02,2,1,Pellet,Left,255,186,254,1
12/20/2019 5:31:25,0,3.94,0,1,Poke,Left,256,186,254,nan
12/20/2019 5:31:29,0,4.02,1,1,Pellet,Left,256,186,255,1
12/20/2019 5:31:42,0,3.94,0,1,Poke,Left,256,187,255,nan
12/20/2019 5:31:44,0,3.94,0,1,Poke,Left,256,188,255,nan
12/20/2019 5:31:49,0,3.94,0,1,Poke,Left,256,189,255,nan
12/20/2019 5:31:59,0,3.94,0,1,Poke,Left,256,190,255,nan
12/20/2019 5:32:01,0,3.94,0,1,Poke,Left,256,191,255,nan
12/20/2019 5:32:05,0,3.94,0,1,Poke,Left,256,192,255,nan
12/20/2019 5:32:14,0,3.94,0,1,Poke,Left,257,192,255,nan
12/20/2019 5:32:19,0,4.02,2,1,Pellet,Left,257,192,256,1
12/20/2019 5:32:25,0,3.94,0,1,Poke,Left,258,192,256,nan
12/20/2019 5:32:30,0,4.02,2,1,Pellet,Left,258,192,257,1
12/20/2019 5:33:08,0,3.94,0,1,Poke,Left,259,192,257,nan
12/20/2019 5:33:13,0,4.02,2,1,Pellet,Left,259,192,258,2
12/20/2019 5:33:23,0,3.93,0,1,Poke,Left,259,193,258,nan
12/20/2019 5:33:48,0,3.94,0,1,Poke,Left,260,193,258,nan
12/20/2019 5:33:53,0,4.02,2,1,Pellet,Left,260,193,259,2
12/20/2019 5:34:03,0,3.94,0,1,Poke,Left,261,193,259,nan
12/20/2019 5:34:08,0,4.02,2,1,Pellet,Left,261,193,260,2
12/20/2019 5:34:17,0,3.94,0,1,Poke,Left,262,193,260,nan
12/20/2019 5:34:22,0,4.02,2,1,Pellet,Left,262,193,261,1
12/20/2019 7:24:35,0,3.93,0,1,Poke,Left,262,194,261,nan
12/20/2019 7:24:39,0,3.93,0,1,Poke,Left,262,195,261,nan
12/20/2019 7:25:08,0,3.93,0,1,Poke,Left,262,196,261,nan
12/20/2019 7:25:10,0,3.93,0,1,Poke,Left,262,197,261,nan
12/20/2019 7:25:15,0,3.93,0,1,Poke,Left,262,198,261,nan
12/20/2019 7:25:25,0,3.93,0,1,Poke,Left,263,198,261,nan
12/20/2019 7:25:31,0,4.01,2,1,Pellet,Left,263,198,262,2
12/20/2019 7:25:51,0,3.93,0,1,Poke,Left,264,198,262,nan
12/20/2019 7:25:56,0,4.00,2,1,Pellet,Left,264,198,263,2
12/20/2019 7:26:20,0,3.93,0,1,Poke,Left,264,199,263,nan
12/20/2019 7:26:28,0,3.93,0,1,Poke,Left,265,199,263,nan
12/20/2019 7:26:33,0,4.00,2,1,Pellet,Left,265,199,264,1
12/20/2019 7:27:25,0,3.93,0,1,Poke,Left,266,199,264,nan
12/20/2019 7:27:42,0,4.00,3,1,Pellet,Left,266,199,265,11
12/20/2019 7:28:12,0,3.93,0,1,Poke,Left,267,199,265,nan
12/20/2019 7:28:18,0,4.00,2,1,Pellet,Left,267,199,266,2
12/20/2019 7:28:46,0,3.93,0,1,Poke,Left,268,199,266,nan
12/20/2019 7:28:51,0,4.01,2,1,Pellet,Left,268,199,267,1
12/20/2019 7:29:07,0,3.93,0,1,Poke,Left,268,200,267,nan
12/20/2019 7:29:11,0,3.93,0,1,Poke,Left,269,200,267,nan
12/20/2019 7:29:16,0,4.01,2,1,Pellet,Left,269,200,268,1
12/20/2019 7:32:32,0,3.93,0,1,Poke,Left,270,200,268,nan
12/20/2019 7:32:38,0,4.01,2,1,Pellet,Left,270,200,269,2
12/20/2019 7:33:41,0,3.93,0,1,Poke,Left,271,200,269,nan
12/20/2019 7:33:46,0,4.01,2,1,Pellet,Left,271,200,270,1
12/20/2019 7:34:16,0,3.93,0,1,Poke,Left,272,200,270,nan
12/20/2019 7:34:34,0,3.93,4,1,Pellet,Left,272,200,271,13
12/20/2019 7:34:56,0,3.93,0,1,Poke,Left,273,200,271,nan
12/20/2019 7:35:01,0,4.00,2,1,Pellet,Left,273,200,272,2
12/20/2019 9:17:50,0,3.92,0,1,Poke,Left,274,200,272,nan
12/20/2019 9:22:07,0,3.92,2,1,Pellet,Left,274,200,273,223
12/20/2019 9:25:06,0,3.91,0,1,Poke,Left,275,200,273,nan
12/20/2019 9:25:12,0,4.00,2,1,Pellet,Left,275,200,274,2
12/20/2019 9:25:44,0,3.92,0,1,Poke,Left,276,200,274,nan
12/20/2019 9:31:58,0,4.00,2,1,Pellet,Left,276,200,275,370
12/20/2019 9:33:23,0,3.92,0,1,Poke,Left,277,200,275,nan
12/20/2019 9:33:29,0,4.00,2,1,Pellet,Left,277,200,276,2
12/20/2019 9:36:24,0,3.92,0,1,Poke,Left,278,200,276,nan
12/20/2019 9:36:30,0,4.00,2,1,Pellet,Left,278,200,277,1
12/20/2019 9:36:48,0,3.92,0,1,Poke,Left,279,200,277,nan
12/20/2019 9:36:55,0,4.00,2,1,Pellet,Left,279,200,278,2
12/20/2019 9:52:38,0,3.92,0,1,Poke,Left,280,200,278,nan
12/20/2019 9:52:44,0,4.00,2,1,Pellet,Left,280,200,279,3
12/20/2019 9:54:58,0,3.92,0,1,Poke,Left,280,201,279,nan
12/20/2019 9:55:09,0,3.92,0,1,Poke,Left,280,202,279,nan
12/20/2019 9:58:37,0,3.91,0,1,Poke,Left,281,202,279,nan
12/20/2019 9:58:42,0,4.00,2,1,Pellet,Left,281,202,280,1
12/20/2019 9:59:09,0,3.91,0,1,Poke,Left,282,202,280,nan
12/20/2019 9:59:14,0,4.00,2,1,Pellet,Left,282,202,281,2
12/20/2019 9:59:38,0,3.91,0,1,Poke,Left,283,202,281,nan
12/20/2019 9:59:43,0,4.00,2,1,Pellet,Left,283,202,282,1
12/20/2019 10:00:21,0,3.91,0,1,Poke,Left,284,202,282,nan
12/20/2019 10:00:26,0,4.00,2,1,Pellet,Left,284,202,283,1
12/20/2019 10:00:39,0,3.92,0,1,Poke,Left,285,202,283,nan
12/20/2019 10:00:44,0,3.99,2,1,Pellet,Left,285,202,284,1
12/20/2019 10:01:01,0,3.91,0,1,Poke,Left,286,202,284,nan
12/20/2019 10:01:06,0,3.99,2,1,Pellet,Left,286,202,285,1
12/20/2019 10:01:18,0,3.92,0,1,Poke,Left,287,202,285,nan
12/20/2019 10:01:23,0,4.00,2,1,Pellet,Left,287,202,286,1
12/20/2019 10:01:44,0,3.92,0,1,Poke,Left,288,202,286,nan
12/20/2019 10:01:50,0,3.99,1,1,Pellet,Left,288,202,287,3
